{"article/How to install and use jedi-vim in Linux.md": 1519111603.858617, "article/Review in 2015 and 2016.md": 1519098627.7221074, "article/Basic terminal shotcuts.md": 1519098324.9591541, "article/Basic Vim Commands.md": 1519098041.5940588, "article/test.md": 1519111978.389078, "article/I firmly Believe.md": 1519097440.0609858, "article/Set DNS tunnel to get free Internet.md": 1519111228.599743, "article/FFmpeg speed up video.md": 1519096184.0547533, "article/Basic Windows7 shotcuts.md": 1519110654.2573652, "article/Using polipo in ubuntu.md": 1519110932.35846, "article/Basic git commands.md": 1519107831.2215245, "article/How to use docker.md": 1519096503.7233176, "article/How to install Kali on disk.md": 1519111496.8853114}