{"article/Make your video editable in everywhere.md": 1519454689.8907192, "article/Apache virtualhost setting for web-sockets.md": 1519454982.7899928, "article/Best way to fix grub problem.md": 1520255284.5338635, "article/How to install and use jedi-vim in Linux.md": 1519111603.858617, "article/Review in 2015 and 2016.md": 1519098627.7221074, "article/Basic terminal shotcuts.md": 1519098324.9591541, "article/Basic Vim Commands.md": 1519098041.5940588, "article/Sanic could take the place of Flask.md": 1519563832.8099918, "article/Master docker for developing.md": 1519630519.5212874, "article/I firmly Believe.md": 1519097440.0609858, "article/How to create an chrome extension.md": 1521818099.989902, "article/Set DNS tunnel to get free Internet.md": 1519111228.599743, "article/FFmpeg speed up video.md": 1519096184.0547533, "article/Review in 2017 and Plans for 2018.md": 1519454514.2638938, "article/Basic Windows7 shotcuts.md": 1519110654.2573652, "article/Using polipo in ubuntu.md": 1519110932.35846, "article/Make a always running service in android based on kotlin.md": 1521468888.5652072, "article/Master FFmpeg.md": 1520742416.8346426, "article/Basic git commands.md": 1519107831.2215245, "article/Running_Jupter_on_server.md": 1521110625.4420385, "article/How to use docker.md": 1519096503.7233176, "article/How to install Kali on disk.md": 1519111496.8853114}