{"article/Review in 2015 and 2016.md": 1519098627.7221074, "article/Basic terminal shotcuts.md": 1519098324.9591541, "article/Basic Vim Commands.md": 1519098041.5940588, "article/I firmly Believe.md": 1519097440.0609858, "article/FFmpeg speed up video.md": 1519096184.0547533, "article/Basic git commands.md": 1519107831.2215245, "article/How to use docker.md": 1519096503.7233176}