{"article/hihi.md": 1508228116.9603992, "article/hi.md": 1508194455.5718024, "article/hihdi.md": 1508228273.1417997}